period,lau,name,registered_unemployed,registered_unemployed_females,disponible_unemployed,low_educated,long_term,unemployment_inflow,unemployment_outflow,below_25,over_55,vacancies,pop_period,TOTAL,Y15-64,Y15-64-females
2024-10-01,HU2215,Pannonhalmi Járás,126,65,,39,,,,15,53,,2023,15818,10461,4825
2024-10-01,HU2217,Téti Járás,130,75,,29,,,,11,58,,2023,15114,9976,4769
2024-10-01,HU2211,Csornai Járás,177,91,,49,,,,11,87,,2023,32035,20684,9890
2024-10-01,HU2225,Szentgotthárdi Járás,182,84,,38,,,,9,76,,2023,14170,9280,4397
2024-10-01,HU1106,Budapest 05. kerület,207,121,,32,,,,8,68,,2023,23494,16446,7901
2024-10-01,HU2213,Kapuvári Járás,212,106,,50,,,,26,96,,2023,23910,15386,7407
2024-10-01,HU2316,Pécsváradi Járás,232,107,,83,,,,27,73,,2023,10982,6738,3298
2024-10-01,HU1101,Budapest 01. kerület,247,138,,17,,,,13,76,,2023,24094,15163,7777
2024-10-01,HU2236,Zalaszentgróti Járás,263,147,,105,,,,33,106,,2023,14129,9005,4387
2024-10-01,HU110N,Budapest 23. kerület,264,144,,72,,,,16,109,,2023,22300,14988,7257
2024-10-01,HU2311,Bólyi Járás,278,131,,118,,,,39,86,,2023,11132,7086,3473
2024-10-01,HU2223,Kőszegi Járás,281,138,,76,,,,22,114,,2023,25684,17100,8348
2024-10-01,HU3121,Bélapátfalvai Járás,284,136,,112,,,,31,84,,2023,7893,4986,2403
2024-10-01,HU213A,Zirci Járás,311,146,,86,,,,37,116,,2023,18214,11851,5725
2024-10-01,HU3333,Kisteleki Járás,327,160,,110,,,,34,133,,2023,17198,10984,5280
2024-10-01,PL22C3,Powiat bieruńsko-lędziński,349,203,,65,54,,,59,57,85,2023,59443,39279,19471
2024-10-01,HU3331,Csongrádi Járás,351,181,,111,,,,44,135,,2023,20715,12805,6246
2024-10-01,PL4313,Powiat słubicki,354,191,,102,90,,,43,80,39,2023,45854,30839,15259
2024-10-01,PL6333,Powiat m.Sopot,359,187,,67,81,,,18,75,41,2023,31903,19092,9810
2024-10-01,HU331B,Tiszakécskei Járás,360,182,,109,,,,34,169,,2023,24126,15348,7469
2024-10-01,HU2133,Balatonfüredi Járás,363,184,,68,,,,30,144,,2023,25613,15790,7899
2024-10-01,HU120G,Szobi Járás,366,184,,72,,,,22,145,,2023,25297,16120,7724
2024-10-01,HU3319,Kiskunmajsai Járás,376,222,,144,,,,23,208,,2023,18719,12092,5858
2024-10-01,HU2227,Vasvári Járás,388,178,,183,,,,41,124,,2023,12879,8446,4018
2024-10-01,PL4178,Powiat wolsztyński,394,227,,96,89,,,85,52,109,2023,56672,36877,18175
2024-10-01,HU120C,Pilisvörösvári Járás,397,222,,46,,,,24,147,,2023,57431,36853,18506
2024-10-01,HU2122,Kisbéri Járás,400,208,,147,,,,59,111,,2023,19202,12618,6041
2024-10-01,HU2136,Sümegi Járás,406,210,,179,,,,42,129,,2023,14248,9360,4509
2024-10-01,HU2124,Oroszlányi Járás,409,209,,156,,,,43,126,,2023,25750,17191,8473
2024-10-01,HU3311,Bácsalmási Járás,412,203,,178,,,,34,202,,2023,17236,10715,5083
2024-10-01,PL7155,Powiat skierniewicki,425,243,,99,184,,,71,76,48,2023,37787,24302,11778
2024-10-01,HU2115,Martonvásári Járás,426,215,,185,,,,44,136,,2023,28059,18825,8829
2024-10-01,HU2114,Gárdonyi Járás,428,217,,77,,,,40,147,,2023,37434,23507,11629
2024-10-01,HU2221,Celldömölki Járás,430,238,,126,,,,54,136,,2023,22671,14588,7172
2024-10-01,PL4315,Powiat sulęciński,442,234,,125,95,,,60,80,24,2023,33495,21991,10611
2024-10-01,HU110C,Budapest 12. kerület,443,257,,30,,,,10,129,,2023,55395,32627,17207
2024-10-01,SK0223,Myjava,450,199,412,60,88,77,85,70,57,299,2023,25013,16002,7767
2024-10-01,HU3335,Mórahalmi Járás,457,242,,130,,,,60,163,,2023,28087,17952,8637
2024-10-01,HU3313,Jánoshalmai Járás,458,222,,200,,,,47,176,,2023,15267,9758,4641
2024-10-01,HU1107,Budapest 06. kerület,459,253,,103,,,,21,153,,2023,34834,25878,12938
2024-10-01,HU2233,Letenyei Járás,470,215,,244,,,,56,184,,2023,14467,9271,4452
2024-10-01,HU2222,Körmendi Járás,476,231,,125,,,,58,160,,2023,24860,16073,7755
2024-10-01,HU2328,Tabi Járás,487,250,,214,,,,67,166,,2023,11668,7364,3517
2024-10-01,PL22A6,Powiat m.Świętochłowice,488,304,,172,135,,,58,74,907,2023,45434,29489,14731
2024-10-01,HU2336,Tolnai Járás,489,262,,211,,,,68,133,,2023,17355,10827,5326
2024-10-01,SK0319,Turčianske Teplice,493,220,452,106,204,53,53,73,94,236,2023,15753,10288,5017
2024-10-01,HU3328,Szarvasi Járás,499,239,,131,,,,66,159,,2023,24677,15413,7513
2024-10-01,SK0424,Košice III,500,254,461,55,126,66,65,54,69,38,2023,27551,16994,8529
2024-10-01,HU2116,Móri Járás,507,261,,158,,,,48,171,,2023,33633,21930,10736
2024-10-01,PL6385,Powiat sztumski,509,334,,141,92,,,96,67,12,2023,38341,25410,12364
2024-10-01,HU2232,Lenti Járás,509,243,,161,,,,49,190,,2023,17834,11146,5276
2024-10-01,HU2132,Balatonalmádi Járás,514,281,,74,,,,39,212,,2023,27023,16734,8144
2024-10-01,HU2123,Komáromi Járás,515,271,,143,,,,47,186,,2023,39232,25905,12418
2024-10-01,PL6235,Powiat gołdapski,517,291,,183,144,,,75,95,6,2023,24860,16410,7976
2024-10-01,HU2331,Bonyhádi Járás,520,269,,154,,,,60,136,,2023,28086,17830,8634
2024-10-01,SK0322,Banská Štiavnica,524,265,449,110,225,62,53,62,118,56,2023,15407,10183,5043
2024-10-01,PL4163,Powiat kępiński,526,313,,97,180,,,103,97,148,2023,55924,37012,18095
2024-10-01,HU120I,Vecsési Járás,527,300,,134,,,,38,167,,2023,50489,33553,16671
2024-10-01,PL4287,Powiat m.Świnoujście,533,238,,177,162,,,43,126,195,2023,38904,24469,12272
2024-10-01,PL4262,Powiat kołobrzeski,534,273,,107,91,,,67,90,224,2023,76721,49175,24910
2024-10-01,HU110M,Budapest 22. kerület,536,309,,101,,,,27,183,,2023,56561,35800,18019
2024-10-01,HU2111,Bicskei Járás,544,263,,179,,,,43,209,,2023,36008,23753,11544
2024-10-01,PL9252,Powiat łosicki,548,253,,155,180,,,112,60,193,2023,28628,18032,8541
2024-10-01,PL7154,Powiat rawski,553,288,,133,169,,,81,88,165,2023,46082,29333,14374
2024-10-01,PL8435,Powiat suwalski,559,268,,164,200,,,75,99,18,2023,34635,22823,10738
2024-10-01,HU2113,Enyingi Járás,570,307,,314,,,,74,209,,2023,19547,12936,6135
2024-10-01,HU2134,Devecseri Járás,574,283,,311,,,,75,175,,2023,14063,9160,4269
2024-10-01,HU2319,Szentlőrinci Járás,576,292,,243,,,,75,162,,2023,13825,9048,4406
2024-10-01,HU3337,Szentesi Járás,577,290,,129,,,,65,201,,2023,36458,22922,11219
2024-10-01,HU2126,Tatai Járás,582,303,,130,,,,63,167,,2023,39903,26003,12508
2024-10-01,HU1108,Budapest 07. kerület,588,330,,132,,,,29,164,,2023,49323,37118,18664
2024-10-01,PL4174,Powiat leszczyński,595,364,,130,163,,,122,86,116,2023,60017,39555,19473
2024-10-01,HU2224,Sárvári Járás,597,296,,139,,,,58,215,,2023,38269,24873,12294
2024-10-01,SK0221,Bánovce nad Bebravou,610,338,500,86,151,99,119,93,118,425,2023,35186,23220,11326
2024-10-01,PL4175,Powiat międzychodzki,611,368,,188,145,,,133,75,17,2023,35593,22959,11210
2024-10-01,PL6236,Powiat węgorzewski,611,275,,181,179,,,71,129,8,2023,20804,13376,6389
2024-10-01,HU2216,Soproni Járás,624,296,,118,,,,49,220,,2023,102528,67884,33426
2024-10-01,PL6225,Powiat nidzicki,624,320,,224,177,,,98,110,50,2023,30460,20259,9750
2024-10-01,HU2312,Hegyháti Járás,633,319,,362,,,,74,189,,2023,11092,7102,3386
2024-10-01,PL4323,Powiat świebodziński,635,340,,178,124,,,93,94,198,2023,53961,34988,17193
2024-10-01,PL4181,Powiat obornicki,641,351,,181,119,,,109,110,29,2023,58812,38427,18819
2024-10-01,PL4185,Powiat śremski,644,386,,158,137,,,114,90,70,2023,61044,39861,19815
2024-10-01,HU2138,Várpalotai Járás,644,310,,240,,,,57,244,,2023,35957,23285,11242
2024-10-01,HU110H,Budapest 16. kerület,658,385,,107,,,,32,225,,2023,72154,45139,23264
2024-10-01,SK0213,Hlohovec,662,376,600,99,84,123,140,105,98,1875,2023,43197,28393,13795
2024-10-01,HU1102,Budapest 02. kerület,666,396,,30,,,,26,177,,2023,85018,50114,26407
2024-10-01,HU110F,Budapest 19. kerület,667,374,,131,,,,37,190,,2023,56561,36529,18663
2024-10-01,HU1201,Aszódi Járás,679,370,,278,,,,56,222,,2023,37549,24697,12001
2024-10-01,HU311G,Tokaji Járás,682,337,,285,,,,87,250,,2023,11579,7473,3686
2024-10-01,HU2214,Mosonmagyaróvári Járás,686,331,,159,,,,49,266,,2023,80589,54441,26740
2024-10-01,SK0228,Púchov,692,389,628,54,138,118,141,101,116,1081,2023,43710,29057,14151
2024-10-01,PL7124,Powiat brzeziński,703,303,,247,261,,,89,108,27,2023,30159,19402,9624
2024-10-01,SK0237,Zlaté Moravce,704,424,618,67,155,107,146,90,130,125,2023,40765,26598,12867
2024-10-01,HU3134,Rétsági Járás,705,348,,284,,,,82,279,,2023,24315,15919,7622
2024-10-01,HU2117,Sárbogárdi Járás,706,393,,325,,,,66,309,,2023,26300,17049,8233
2024-10-01,SK0311,Bytča,708,376,611,59,210,74,80,111,124,99,2023,31308,21194,10293
2024-10-01,HU3332,Hódmezővásárhelyi Járás,708,366,,193,,,,70,291,,2023,51418,32396,15830
2024-10-01,PL5181,Powiat milicki,712,401,,182,293,,,124,127,62,2023,35603,22859,11111
2024-10-01,HU323D,Záhonyi Járás,716,362,,368,,,,101,231,,2023,17532,11481,5618
2024-10-01,HU1205,Dunakeszi Járás,721,405,,100,,,,51,260,,2023,87830,57544,28636
2024-10-01,SK0415,Medzilaborce,727,352,530,333,423,40,22,90,124,29,2023,10665,7047,3320
2024-10-01,HU2137,Tapolcai Járás,732,397,,210,,,,65,333,,2023,32627,20529,10102
2024-10-01,HU3317,Kiskunfélegyházi Járás,736,384,,265,,,,69,290,,2023,35630,22812,11286
2024-10-01,PL4176,Powiat nowotomyski,736,407,,163,173,,,134,107,113,2023,75178,49082,24282
2024-10-01,HU120B,Nagykőrösi Járás,737,410,,350,,,,70,222,,2023,26903,17275,8600
2024-10-01,PL7156,Powiat m.Skierniewice,747,456,,169,324,,,60,119,55,2023,45184,28288,14289
2024-10-01,PL2145,Powiat proszowicki,747,356,,196,271,,,185,90,40,2023,42005,27254,13266
2024-10-01,HU2231,Keszthelyi Járás,747,392,,166,,,,64,331,,2023,48295,29930,15145
2024-10-01,HU3232,Csengeri Járás,747,333,,460,,,,115,200,,2023,12441,7856,3818
2024-10-01,HU120D,Ráckevei Járás,754,400,,289,,,,64,302,,2023,38982,24987,12072
2024-10-01,HU3334,Makói Járás,756,406,,282,,,,79,348,,2023,41217,26232,12747
2024-10-01,PL2276,Powiat m.Żory,758,478,,192,184,,,113,79,47,2023,61774,39191,19631
2024-10-01,HU2131,Ajkai Járás,760,330,,220,,,,90,236,,2023,36431,23070,11223
2024-10-01,HU3323,Gyomaendrődi Járás,761,394,,268,,,,122,229,,2023,20862,13137,6325
2024-10-01,PL8217,Powiat m.Krosno,773,407,,104,287,,,71,114,62,2023,44060,27385,13889
2024-10-01,HU1202,Budakeszi Járás,776,430,,125,,,,40,313,,2023,97357,62025,31368
2024-10-01,HU3235,Kemecsei Járás,781,456,,370,,,,91,312,,2023,20724,13848,6678
2024-10-01,SK0101,Bratislava I,791,424,752,58,158,82,108,54,102,6081,2023,47375,29977,14898
2024-10-01,PL2143,Powiat miechowski,793,416,,204,345,,,166,101,18,2023,46667,29250,14388
2024-10-01,PL2272,Powiat rybnicki,794,501,,218,281,,,163,96,170,2023,76666,50361,24953
2024-10-01,SK0325,Krupina,796,403,621,242,327,80,83,121,165,619,2023,21271,14270,6902
2024-10-01,PL22A5,Powiat m.Siemianowice Śląskie,799,437,,261,151,,,79,139,159,2023,63401,40434,20483
2024-10-01,HU110K,Budapest 20. kerület,800,454,,244,,,,58,259,,2023,61766,40685,20545
2024-10-01,PL9262,Powiat sochaczewski,803,429,,203,108,,,104,122,148,2023,83174,53540,26506
2024-10-01,HU1208,Gyáli Járás,809,436,,242,,,,62,196,,2023,43731,29491,14388
2024-10-01,HU120E,Szentendrei Járás,821,455,,127,,,,51,323,,2023,88005,56361,28358
2024-10-01,HU2322,Csurgói Járás,822,463,,401,,,,111,233,,2023,14827,9681,4715
2024-10-01,PL4167,Powiat pleszewski,823,481,,162,153,,,210,107,64,2023,61251,39912,19518
2024-10-01,PL4311,Powiat gorzowski,823,447,,267,182,,,125,137,82,2023,73897,49612,24426
2024-10-01,HU3228,Tiszafüredi Járás,829,432,,344,,,,107,279,,2023,17770,11134,5471
2024-10-01,PL4321,Powiat krośnieński,836,496,,225,206,,,130,127,113,2023,52717,34657,16976
2024-10-01,PL8433,Powiat moniecki,836,371,,280,423,,,134,148,14,2023,37358,24772,11908
2024-10-01,SK0324,Detva,839,445,720,158,334,76,81,107,176,57,2023,30562,19999,9708
2024-10-01,SK031A,Tvrdošín,840,412,754,79,169,117,125,154,132,62,2023,35745,23772,11457
2024-10-01,HU3123,Füzesabonyi Járás,841,502,,389,,,,78,296,,2023,28329,18240,8848
2024-10-01,HU331A,Kunszentmiklósi Járás,847,474,,411,,,,106,303,,2023,29119,18460,8822
2024-10-01,PL5154,Powiat kamiennogórski,850,406,,244,233,,,126,170,76,2023,40319,26383,12898
2024-10-01,HU3234,Ibrányi Járás,854,517,,464,,,,102,308,,2023,22046,14561,7027
2024-10-01,HU3324,Gyulai Járás,854,426,,250,,,,135,218,,2023,37144,23274,11739
2024-10-01,PL7146,Powiat wieruszowski,855,447,,170,280,,,189,112,75,2023,41452,27123,13172
2024-10-01,PL4166,Powiat ostrzeszowski,865,519,,136,248,,,177,129,172,2023,54566,35609,17488
2024-10-01,PL4173,Powiat kościański,865,553,,190,261,,,147,133,94,2023,77239,50060,24749
2024-10-01,PL9211,Powiat białobrzeski,868,353,,243,366,,,173,130,0,2023,32520,21084,10131
2024-10-01,PL4327,Powiat wschowski,870,500,,217,309,,,155,132,66,2023,37251,24206,11906
2024-10-01,HU3217,Hajdúnánási Járás,872,513,,329,,,,94,333,,2023,28067,18062,8669
2024-10-01,PL8425,Powiat siemiatycki,879,347,,279,459,,,133,166,32,2023,40636,26084,12658
2024-10-01,PL7152,Powiat łęczycki,883,434,,345,365,,,112,187,266,2023,46666,29683,14542
2024-10-01,PL7228,Powiat włoszczowski,885,525,,146,373,,,152,168,41,2023,42932,27622,13319
2024-10-01,PL2141,Powiat bocheński,885,467,,160,250,,,142,160,266,2023,106946,69513,34459
2024-10-01,PL8424,Powiat łomżyński,889,469,,238,315,,,187,126,25,2023,49608,33046,15792
2024-10-01,HU3316,Kiskőrösi Járás,890,475,,348,,,,91,360,,2023,51670,32467,15716
2024-10-01,HU3226,Mezőtúri Járás,892,492,,387,,,,109,304,,2023,25024,15574,7591
2024-10-01,PL7225,Powiat pińczowski,892,455,,141,484,,,164,137,44,2023,36739,23160,11203
2024-10-01,SK032C,Žarnovica,897,502,813,177,412,85,86,109,199,284,2023,24668,16153,7798
2024-10-01,PL8421,Powiat bielski,897,406,,230,341,,,143,164,37,2023,50596,31547,15284
2024-10-01,HU2317,Sellyei Járás,897,397,,481,,,,118,299,,2023,12611,8270,3944
2024-10-01,HU110I,Budapest 17. kerület,898,502,,170,,,,60,317,,2023,84821,54142,27579
2024-10-01,PL4177,Powiat rawicki,899,508,,177,221,,,211,92,146,2023,58601,38078,18645
2024-10-01,HU110L,Budapest 21. kerület,900,525,,281,,,,46,312,,2023,70337,46149,23401
2024-10-01,HU2135,Pápai Járás,907,441,,358,,,,104,310,,2023,54692,35251,17237
2024-10-01,HU120H,Váci Járás,911,479,,213,,,,84,339,,2023,70467,45937,22835
2024-10-01,HU3329,Szeghalmi Járás,913,473,,373,,,,122,330,,2023,26004,16695,7950
2024-10-01,PL4325,Powiat żagański,920,515,,258,195,,,133,166,97,2023,73604,47876,23598
2024-10-01,SK0216,Skalica,922,454,875,178,149,132,182,210,127,656,2023,46916,31057,15065
2024-10-01,HU2314,Mohácsi Járás,922,411,,392,,,,107,313,,2023,32622,20301,9990
2024-10-01,SK0214,Piešťany,925,500,817,84,123,157,173,135,144,512,2023,62015,39903,19759
2024-10-01,SK0225,Partizánske,926,507,764,106,166,157,166,153,181,244,2023,43509,28118,13591
2024-10-01,PL9245,Powiat wyszkowski,927,486,,205,116,,,184,130,72,2023,73441,47662,23209
2024-10-01,PL8112,Powiat parczewski,928,504,,258,457,,,136,139,169,2023,32223,20695,9929
2024-10-01,HU3318,Kiskunhalasi Járás,932,506,,372,,,,98,272,,2023,40388,26075,12731
2024-10-01,SK0222,Ilava,937,533,842,78,161,141,203,119,165,854,2023,56920,37262,18305
2024-10-01,PL5151,Powiat bolesławiecki,938,513,,236,137,,,125,154,174,2023,87642,56957,28229
2024-10-01,PL4179,Powiat m.Leszno,939,561,,280,273,,,142,141,92,2023,60051,38022,19380
2024-10-01,SK0314,Kysucké Nové Mesto,943,495,810,109,361,87,103,116,182,923,2023,32642,22157,10731
2024-10-01,HU2332,Dombóvári Járás,946,480,,414,,,,109,222,,2023,29013,18205,9004
2024-10-01,HU3327,Sarkadi Járás,952,445,,520,,,,155,305,,2023,19996,12808,6209
2024-10-01,PL6343,Powiat nowodworski,953,609,,267,213,,,124,151,89,2023,33626,22162,10750
2024-10-01,PL4142,Powiat kolski,958,572,,172,191,,,215,123,87,2023,81562,52653,25891
2024-10-01,PL8434,Powiat sejneński,960,359,,289,446,,,133,146,13,2023,18645,12190,5876
2024-10-01,PL7221,Powiat buski,967,504,,207,288,,,232,142,18,2023,67817,43083,21037
2024-10-01,PL5244,Powiat oleski,972,572,,221,395,,,180,195,31,2023,61281,40167,19980
2024-10-01,HU2139,Veszprémi Járás,976,483,,241,,,,59,370,,2023,79474,52352,26238
2024-10-01,CZ0315,Prachatice,977,508,860,273,196,175,172,180,254,1282,2023,51474,32627,15877
2024-10-01,HU3127,Pétervásárai Járás,982,492,,563,,,,111,275,,2023,18985,11356,5560
2024-10-01,PL4172,Powiat grodziski,987,542,,195,377,,,172,159,117,2023,51560,33921,16681
2024-10-01,PL7223,Powiat kazimierski,990,480,,242,533,,,188,135,36,2023,31693,20429,9953
2024-10-01,PL4162,Powiat kaliski,990,554,,249,392,,,197,153,83,2023,82215,53924,26569
2024-10-01,PL9131,Powiat grodziski,994,531,,201,284,,,106,167,70,2023,105707,67841,34390
2024-10-01,PL8427,Powiat zambrowski,1006,474,,311,374,,,156,162,8,2023,41370,27246,13125
2024-10-01,PL5156,Powiat lwówecki,1012,537,,317,382,,,122,208,106,2023,42817,27849,13648
2024-10-01,HU3312,Bajai Járás,1021,554,,266,,,,103,429,,2023,60365,37770,18774
2024-10-01,HU110G,Budapest 15. kerület,1022,589,,241,,,,71,325,,2023,75590,49921,25511
2024-10-01,PL22A3,Powiat m.Mysłowice,1024,576,,347,325,,,107,163,96,2023,71280,46691,23412
2024-10-01,PL8247,Powiat m.Tarnobrzeg,1028,501,,144,422,,,103,164,61,2023,43712,28065,14093
2024-10-01,PL5155,Powiat lubański,1029,451,,332,346,,,123,170,44,2023,51410,33294,16367
2024-10-01,SK0313,Dolný Kubín,1034,522,915,80,302,153,152,170,158,354,2023,38734,25596,12538
2024-10-01,PL9254,Powiat sokołowski,1034,490,,232,377,,,178,106,125,2023,50064,31514,15175
2024-10-01,PL7143,Powiat poddębicki,1038,466,,370,531,,,132,185,45,2023,39356,25081,12164
2024-10-01,HU2323,Fonyódi Járás,1039,571,,408,,,,98,393,,2023,33287,20632,10179
2024-10-01,PL8211,Powiat bieszczadzki,1043,487,,241,515,,,161,156,8,2023,20601,13744,6793
2024-10-01,SK0425,Košice IV,1046,546,978,108,315,139,136,124,155,764,2023,56143,35278,17399
2024-10-01,PL8143,Powiat łęczyński,1056,591,,264,353,,,196,116,30,2023,55721,36863,18236
2024-10-01,PL2274,Powiat m.Jastrzębie-Zdrój,1061,655,,269,311,,,170,146,190,2023,82301,53364,26291
2024-10-01,SK0235,Šaľa,1064,619,924,230,272,121,179,133,204,730,2023,50384,33784,16584
2024-10-01,CZ0324,Plzeň-jih,1064,594,955,309,264,201,195,181,260,2039,2023,71593,45464,21979
2024-10-01,PL9261,Powiat grójecki,1065,538,,339,320,,,163,158,47,2023,97029,61897,30354
2024-10-01,HU1105,Budapest 09. kerület,1066,562,,360,,,,46,326,,2023,58205,42777,21433
2024-10-01,PL9135,Powiat warszawski zachodni,1067,509,,227,366,,,85,234,202,2023,135216,87040,43990
2024-10-01,HU3132,Bátonyterenyei Járás,1072,571,,523,,,,121,340,,2023,19119,11987,5808
2024-10-01,PL4164,Powiat krotoszyński,1073,608,,226,341,,,216,170,205,2023,74921,48596,23963
2024-10-01,PL4146,Powiat wrzesiński,1076,656,,250,334,,,170,148,118,2023,78223,51234,25281
2024-10-01,PL5185,Powiat średzki,1083,517,,404,418,,,123,218,90,2023,59078,39138,19268
2024-10-01,HU2313,Komlói Járás,1083,542,,399,,,,141,317,,2023,31851,20141,9841
2024-10-01,HU110A,Budapest 10. kerület,1085,615,,358,,,,61,316,,2023,73389,51097,25354
2024-10-01,PL4274,Powiat pyrzycki,1090,614,,303,462,,,161,165,14,2023,36413,23532,11276
2024-10-01,PL9255,Powiat węgrowski,1099,544,,234,440,,,178,171,135,2023,61908,39017,18769
2024-10-01,HU3215,Hajdúböszörményi Járás,1100,555,,465,,,,90,474,,2023,37866,24720,11946
2024-10-01,PL8156,Powiat rycki,1106,546,,192,440,,,213,154,38,2023,51557,32302,15553
2024-10-01,HU3116,Mezőcsáti Járás,1109,536,,657,,,,174,285,,2023,13512,8858,4222
2024-10-01,PL2284,Powiat m.Piekary Śląskie,1111,582,,308,475,,,129,143,229,2023,51707,33253,16719
2024-10-01,HU3326,Orosházi Járás,1114,549,,343,,,,128,389,,2023,45084,28194,13666
2024-10-01,HU2335,Tamási Járás,1114,584,,504,,,,144,324,,2023,34308,21670,10527
2024-10-01,PL22C4,Powiat m.Tychy,1115,597,,252,154,,,151,158,314,2023,122045,76507,38568
2024-10-01,HU2333,Paksi Járás,1120,615,,497,,,,155,296,,2023,45675,29401,14279
2024-10-01,CZ0633,Pelhřimov,1121,646,1057,209,166,218,240,205,264,2057,2023,74575,46853,22766
2024-10-01,PL22A4,Powiat m.Ruda Śląska,1128,583,,361,129,,,193,148,123,2023,130302,85101,42532
2024-10-01,HU311F,Tiszaújvárosi Járás,1135,667,,479,,,,149,327,,2023,30435,20036,9375
2024-10-01,HU311A,Putnoki Járás,1136,570,,596,,,,172,310,,2023,17017,11224,5396
2024-10-01,HU311B,Sárospataki Járás,1137,572,,444,,,,122,386,,2023,21110,13515,6567
2024-10-01,CZ0524,Rychnov nad Kněžnou,1149,646,1084,295,224,214,232,234,267,1602,2023,80884,50691,24505
2024-10-01,HU110J,Budapest 18. kerület,1154,618,,234,,,,80,368,,2023,98903,64248,32525
2024-10-01,PL22C1,Powiat mikołowski,1154,632,,216,283,,,188,172,103,2023,100002,65007,32556
2024-10-01,PL8422,Powiat hajnowski,1156,441,,348,602,,,128,222,19,2023,38817,23558,11435
2024-10-01,HU321A,Püspökladányi Járás,1159,649,,519,,,,113,559,,2023,35792,23029,11003
2024-10-01,HU3231,Baktalórántházai Járás,1159,582,,678,,,,195,366,,2023,17609,11875,5751
2024-10-01,PL22B4,Powiat m.Jaworzno,1161,604,,247,370,,,136,181,263,2023,86812,56711,28326
2024-10-01,PL6224,Powiat mrągowski,1161,549,,426,263,,,185,220,143,2023,47472,31789,15825
2024-10-01,HU323B,Tiszavasvári Járás,1163,645,,661,,,,183,324,,2023,25389,16286,7695
2024-10-01,HU3216,Hajdúhadházi Járás,1163,634,,669,,,,159,414,,2023,23285,15326,7462
2024-10-01,HU3225,Kunszentmártoni Járás,1166,625,,468,,,,136,478,,2023,31762,19855,9477
2024-10-01,PL5243,Powiat krapkowicki,1166,711,,314,521,,,133,206,136,2023,59647,39876,19916
2024-10-01,SK0226,Považská Bystrica,1168,595,1059,88,224,181,206,156,204,1105,2023,60577,40476,19791
2024-10-01,PL7141,Powiat łaski,1171,531,,284,434,,,147,216,46,2023,48742,31392,15432
2024-10-01,SK0327,Poltár,1172,581,930,346,624,108,93,157,236,31,2023,20247,13298,6396
2024-10-01,SK0224,Nové Mesto nad Váhom,1172,657,1070,179,242,184,225,176,167,2489,2023,61349,39399,19330
2024-10-01,PL8246,Powiat tarnobrzeski,1175,591,,190,493,,,185,204,187,2023,50935,33714,16517
2024-10-01,PL4285,Powiat policki,1175,589,,395,330,,,152,182,124,2023,85917,57867,29200
2024-10-01,CZ020C,Rakovník,1181,692,1106,324,309,177,201,215,281,1427,2023,56410,35217,17170
2024-10-01,SK032D,Žiar nad Hronom,1185,675,1061,236,406,135,150,167,252,591,2023,43738,28444,13871
2024-10-01,HU2125,Tatabányai Járás,1187,621,,375,,,,132,358,,2023,85064,56426,28027
2024-10-01,PL5246,Powiat strzelecki,1189,594,,356,348,,,158,255,932,2023,71257,47514,23494
2024-10-01,PL7153,Powiat łowicki,1191,540,,247,449,,,169,216,99,2023,74009,47198,23411
2024-10-01,PL6223,Powiat lidzbarski,1191,651,,336,354,,,138,248,84,2023,38126,24943,12182
2024-10-01,PL2291,Powiat gliwicki,1194,620,,287,418,,,150,238,76,2023,113180,74024,37127
2024-10-01,SK041B,Stropkov,1199,646,894,395,678,51,76,152,202,18,2023,19553,13045,6316
2024-10-01,PL7142,Powiat pajęczański,1205,653,,305,365,,,197,190,11,2023,48575,31381,15106
2024-10-01,HU3222,Jászberényi Járás,1205,593,,453,,,,149,415,,2023,49524,31804,15634
2024-10-01,PL4316,Powiat m.Gorzów Wielkopolski,1209,650,,301,171,,,120,201,91,2023,115247,73488,37304
2024-10-01,PL2243,Powiat myszkowski,1211,611,,255,403,,,132,194,86,2023,67573,43020,21435
2024-10-01,PL4145,Powiat turecki,1216,741,,225,297,,,246,172,87,2023,80990,53061,26157
2024-10-01,PL5232,Powiat głubczycki,1217,620,,462,559,,,145,244,39,2023,42608,27664,13411
2024-10-01,PL4161,Powiat jarociński,1217,733,,211,377,,,226,168,131,2023,69749,45221,22520
2024-10-01,PL6166,Powiat wąbrzeski,1217,760,,346,594,,,209,173,63,2023,32420,21236,10344
2024-10-01,CZ0326,Rokycany,1222,679,1161,435,448,164,153,185,335,1222,2023,50804,32090,15691
2024-10-01,HU1209,Monori Járás,1226,687,,483,,,,110,393,,2023,73600,48987,24092
2024-10-01,PL5233,Powiat namysłowski,1235,744,,289,610,,,157,211,193,2023,42033,27220,13479
2024-10-01,PL4183,Powiat szamotulski,1236,717,,308,380,,,243,182,188,2023,91659,59794,29773
2024-10-01,PL4114,Powiat wągrowiecki,1237,761,,317,339,,,240,191,167,2023,69007,45213,22199
2024-10-01,PL22C2,Powiat pszczyński,1238,729,,253,390,,,189,177,365,2023,110777,73234,36567
2024-10-01,PL4281,Powiat goleniowski,1243,699,,427,204,,,188,162,400,2023,81363,53377,26079
2024-10-01,PL5242,Powiat kluczborski,1245,725,,392,607,,,163,236,75,2023,61236,40588,20020
2024-10-01,PL5162,Powiat górowski,1250,712,,368,523,,,230,174,69,2023,32459,21232,10299
2024-10-01,HU311C,Sátoraljaújhelyi Járás,1251,571,,583,,,,192,330,,2023,19992,12872,6317
2024-10-01,PL5159,Powiat m.Jelenia Góra,1252,594,,351,401,,,100,228,68,2023,75124,46070,23506
2024-10-01,HU3224,Kunhegyesi Járás,1254,748,,796,,,,113,410,,2023,19275,12176,5884
2024-10-01,HU2327,Siófoki Járás,1255,680,,356,,,,113,439,,2023,51239,31774,15944
2024-10-01,PL9253,Powiat siedlecki,1255,634,,313,523,,,189,191,264,2023,80441,52287,25086
2024-10-01,PL9256,Powiat m.Siedlce,1255,620,,247,516,,,94,213,269,2023,75297,46817,23824
2024-10-01,PL4282,Powiat gryficki,1260,764,,327,393,,,174,191,232,2023,56435,36882,18001
2024-10-01,HU3211,Balmazújvárosi Járás,1264,713,,603,,,,153,497,,2023,28658,18398,8836
2024-10-01,HU3229,Törökszentmiklósi Járás,1264,716,,569,,,,153,416,,2023,33667,21647,10442
2024-10-01,PL4273,Powiat myśliborski,1272,724,,416,473,,,177,218,102,2023,62224,40509,19745
2024-10-01,PL5164,Powiat lubiński,1275,769,,327,350,,,167,186,220,2023,102872,64784,32406
2024-10-01,PL4312,Powiat międzyrzecki,1275,636,,347,382,,,155,237,57,2023,54839,35455,17452
2024-10-01,HU2334,Szekszárdi Járás,1277,673,,567,,,,150,334,,2023,53607,33581,16733
2024-10-01,CZ0321,Domažlice,1280,755,1169,466,359,202,226,259,315,1944,2023,56120,35656,17510
2024-10-01,CZ0711,Jeseník,1283,681,1174,398,366,248,142,169,340,319,2023,36949,22939,11007
2024-10-01,PL9213,Powiat lipski,1283,570,,273,620,,,211,169,33,2023,31561,19835,9496
2024-10-01,HU1109,Budapest 08. kerület,1286,705,,460,,,,75,399,,2023,69917,52794,25723
2024-10-01,PL6342,Powiat kartuski,1293,816,,217,190,,,308,152,157,2023,153813,99541,49375
2024-10-01,HU2326,Nagyatádi Járás,1295,663,,712,,,,198,353,,2023,22917,14592,7105
2024-10-01,PL5188,Powiat wrocławski,1310,693,,285,388,,,112,253,806,2023,187153,123617,62272
2024-10-01,SK0107,Pezinok,1311,693,1239,104,215,192,237,210,178,219,2023,69953,45382,22863
2024-10-01,HU3238,Nagykállói Járás,1311,645,,635,,,,160,453,,2023,28321,18933,9137
2024-10-01,PL2281,Powiat lubliniecki,1314,761,,251,508,,,225,208,104,2023,74887,49471,24194
2024-10-01,PL2271,Powiat raciborski,1322,752,,368,547,,,204,255,465,2023,99332,65725,32957
2024-10-01,PL2192,Powiat suski,1324,668,,269,285,,,326,168,98,2023,82886,54682,26941
2024-10-01,HU3221,Jászapáti Járás,1324,730,,756,,,,156,376,,2023,31123,19580,9438
2024-10-01,HU1206,Érdi Járás,1327,774,,351,,,,93,415,,2023,130269,85364,42761
2024-10-01,PL4277,Powiat wałecki,1328,780,,458,465,,,180,231,113,2023,50003,32611,16104
2024-10-01,PL22A1,Powiat m.Chorzów,1329,727,,487,338,,,165,214,58,2023,100593,65769,32876
2024-10-01,PL6131,Powiat bydgoski,1329,748,,345,312,,,186,191,39,2023,126981,85390,42300
2024-10-01,PL5157,Powiat zgorzelecki,1329,705,,415,584,,,173,254,104,2023,85139,55753,27452
2024-10-01,PL9217,Powiat zwoleński,1330,692,,346,587,,,267,186,0,2023,34288,22289,10714
2024-10-01,PL6165,Powiat rypiński,1330,842,,454,463,,,249,171,97,2023,41185,26835,13164
2024-10-01,HU311E,Szikszói Járás,1337,636,,778,,,,227,315,,2023,17343,10769,5213
2024-10-01,PL6382,Powiat malborski,1342,876,,378,450,,,220,194,88,2023,60647,39436,19535
2024-10-01,PL5174,Powiat wałbrzyski,1346,720,,510,502,,,132,225,17,2023,52656,34320,17098
2024-10-01,SK0317,Námestovo,1346,856,1186,148,283,170,206,272,201,394,2023,64385,42984,20746
2024-10-01,PL4184,Powiat średzki,1350,785,,430,503,,,217,199,94,2023,59954,38870,19166
2024-10-01,SK0106,Malacky,1351,773,1259,250,178,206,275,232,220,5879,2023,79689,52292,25906
2024-10-01,PL6214,Powiat iławski,1354,830,,313,281,,,279,191,463,2023,89870,58937,28904
2024-10-01,PL8113,Powiat radzyński,1356,662,,396,603,,,270,183,54,2023,55021,35645,17122
2024-10-01,PL6232,Powiat giżycki,1356,699,,465,458,,,238,243,27,2023,53736,35187,17225
2024-10-01,SK0421,Gelnica,1365,742,990,734,739,102,105,193,239,20,2023,31736,20017,9720
2024-10-01,SK0429,Sobrance,1365,741,982,543,792,79,58,204,248,174,2023,22226,14872,7125
2024-10-01,PL2275,Powiat m.Rybnik,1367,862,,383,348,,,207,157,305,2023,130887,84996,42295
2024-10-01,PL4111,Powiat chodzieski,1368,819,,317,562,,,204,200,29,2023,45206,29679,14578
2024-10-01,HU2321,Barcsi Járás,1370,713,,651,,,,194,385,,2023,21085,13659,6678
2024-10-01,CZ0522,Jičín,1373,727,1267,396,233,234,230,312,303,1572,2023,80746,50114,24445
2024-10-01,PL4115,Powiat złotowski,1377,788,,379,424,,,210,233,31,2023,67301,44519,21857
2024-10-01,HU3314,Kalocsai Járás,1381,742,,516,,,,153,554,,2023,45889,28910,13858
2024-10-01,SK0103,Bratislava III,1383,759,1326,114,218,165,200,107,177,4737,2023,77594,50620,25223
2024-10-01,PL8428,Powiat m.Łomża,1388,733,,322,506,,,149,238,32,2023,59711,38650,19602
2024-10-01,SK032B,Zvolen,1388,740,1228,196,474,167,182,191,251,649,2023,65578,43129,21473
2024-10-01,PL6344,Powiat pucki,1390,781,,334,330,,,238,227,236,2023,91664,61001,30245
2024-10-01,HU1104,Budapest 04. kerület,1390,754,,254,,,,70,399,,2023,94648,62897,32768
2024-10-01,PL6364,Powiat m.Słupsk,1391,661,,344,329,,,123,271,232,2023,85504,53707,27567
2024-10-01,HU3322,Békési Járás,1392,665,,574,,,,202,376,,2023,33035,20974,10167
2024-10-01,HU110B,Budapest 11. kerület,1393,794,,129,,,,49,368,,2023,144491,94362,47271
2024-10-01,PL6233,Powiat olecki,1397,711,,491,708,,,173,244,42,2023,31996,21017,10144
2024-10-01,HU2121,Esztergomi Járás,1399,705,,434,,,,124,530,,2023,92341,60005,29182
2024-10-01,HU3218,Hajdúszoboszlói Járás,1405,772,,597,,,,136,555,,2023,42072,26732,13210
2024-10-01,PL5184,Powiat strzeliński,1406,709,,374,667,,,170,258,30,2023,41782,27087,13242
2024-10-01,PL6181,Powiat sępoleński,1416,832,,352,687,,,259,177,37,2023,38826,25368,12406
2024-10-01,PL4112,Powiat czarnkowsko-trzcianecki,1417,792,,393,329,,,280,210,41,2023,83442,54502,26569
2024-10-01,PL4278,Powiat łobeski,1423,771,,530,617,,,181,245,57,2023,33394,21522,10328
2024-10-01,HU3214,Derecskei Járás,1424,753,,816,,,,157,571,,2023,40677,26369,12698
2024-10-01,PL4326,Powiat żarski,1439,805,,397,456,,,170,221,148,2023,91210,59751,29609
2024-10-01,PL4144,Powiat słupecki,1447,862,,312,591,,,264,179,72,2023,57264,37403,18266
2024-10-01,PL5186,Powiat trzebnicki,1456,822,,344,597,,,201,233,70,2023,87635,57256,28438
2024-10-01,PL6215,Powiat nowomiejski,1456,909,,367,618,,,297,204,117,2023,41964,27443,13350
2024-10-01,PL5165,Powiat polkowicki,1457,867,,442,564,,,232,228,312,2023,61189,40350,19908
2024-10-01,PL4314,Powiat strzelecko-drezdenecki,1459,781,,490,459,,,209,275,37,2023,46658,30213,14763
2024-10-01,PL6172,Powiat mogileński,1470,925,,295,634,,,281,162,67,2023,43577,28344,13953
2024-10-01,HU3219,Nyíradonyi Járás,1472,801,,888,,,,169,542,,2023,27942,18589,8917
2024-10-01,SK0318,Ružomberok,1475,693,1227,239,511,167,184,210,284,292,2023,56488,37145,18293
2024-10-01,PL7227,Powiat staszowski,1475,805,,262,506,,,249,224,39,2023,68448,44064,21527
2024-10-01,PL2144,Powiat myślenicki,1477,787,,303,342,,,303,245,76,2023,129843,85772,42295
2024-10-01,HU2325,Marcali Járás,1482,784,,801,,,,185,464,,2023,32737,20702,10177
2024-10-01,CZ0327,Tachov,1483,781,1388,644,444,208,243,241,387,2783,2023,58185,38941,19776
2024-10-01,PL4171,Powiat gostyński,1487,818,,336,528,,,295,225,133,2023,73516,47792,23409
2024-10-01,PL6164,Powiat grudziądzki,1487,859,,564,643,,,261,201,11,2023,39137,26082,12698
2024-10-01,HU1204,Dabasi Járás,1492,816,,624,,,,198,363,,2023,50766,33554,16281
2024-10-01,PL8426,Powiat wysokomazowiecki,1495,592,,396,780,,,242,193,46,2023,53406,34282,16307
2024-10-01,PL5163,Powiat legnicki,1499,794,,440,651,,,160,234,39,2023,55032,35754,17722
2024-10-01,PL5235,Powiat prudnicki,1502,781,,445,641,,,226,270,39,2023,51443,33611,16807
2024-10-01,PL2184,Powiat m.Nowy Sącz,1503,835,,313,418,,,226,261,115,2023,80358,51568,26101
2024-10-01,SK0414,Levoča,1504,799,1181,686,776,115,100,238,237,72,2023,33192,22070,10784
2024-10-01,HU110E,Budapest 14. kerület,1508,821,,256,,,,65,457,,2023,117155,77374,40651
2024-10-01,PL7222,Powiat jędrzejowski,1509,900,,269,656,,,269,227,118,2023,81057,51503,25111
2024-10-01,PL8231,Powiat kolbuszowski,1509,697,,255,562,,,233,278,152,2023,61160,41408,20239
2024-10-01,SK032A,Veľký Krtíš,1510,822,1274,430,622,178,142,212,315,217,2023,40900,27538,13455
2024-10-01,HU3133,Pásztói Járás,1511,759,,738,,,,195,454,,2023,29204,18566,8945
2024-10-01,HU3114,Gönci Járás,1512,619,,888,,,,245,401,,2023,16195,10713,5136
2024-10-01,HU3111,Cigándi Járás,1523,686,,948,,,,283,346,,2023,14747,9446,4441
2024-10-01,PL5152,Powiat jaworski,1525,782,,480,671,,,186,262,45,2023,47213,30437,14953
2024-10-01,HU120F,Szigetszentmiklósi Járás,1525,817,,383,,,,86,551,,2023,128273,85195,42074
2024-10-01,PL8436,Powiat m.Suwałki,1526,732,,379,583,,,174,278,115,2023,68231,45241,23022
2024-10-01,PL8153,Powiat łukowski,1527,888,,277,418,,,370,172,102,2023,100959,64708,31135
2024-10-01,HU3131,Balassagyarmati Járás,1531,736,,670,,,,186,447,,2023,36346,23194,11164
2024-10-01,HU1103,Budapest 03. kerület,1535,826,,245,,,,91,436,,2023,124256,79374,40993
2024-10-01,SK0422,Košice I,1537,827,1426,183,543,196,147,155,321,620,2023,62965,42603,21415
2024-10-01,SK0419,Snina,1539,860,1221,268,753,119,132,194,359,161,2023,34071,23263,11449
2024-10-01,CZ0314,Písek,1541,933,1438,437,376,241,234,262,397,1554,2023,72851,45010,22183
2024-10-01,PL4324,Powiat zielonogórski,1543,815,,492,614,,,179,247,95,2023,75077,49019,24153
2024-10-01,PL2171,Powiat brzeski,1545,883,,255,563,,,322,220,113,2023,91670,60643,29776
2024-10-01,HU2226,Szombathelyi Járás,1547,785,,495,,,,151,468,,2023,111279,72747,36329
2024-10-01,PL8216,Powiat leski,1547,702,,314,859,,,190,243,15,2023,25397,16752,8216
2024-10-01,PL6211,Powiat braniewski,1553,814,,577,538,,,235,220,33,2023,37281,24774,11896
2024-10-01,PL4322,Powiat nowosolski,1570,878,,478,443,,,224,255,59,2023,82281,52872,26075
2024-10-01,PL8144,Powiat świdnicki,1577,714,,321,706,,,192,246,44,2023,69274,43873,21743
2024-10-01,PL7145,Powiat wieluński,1585,906,,287,768,,,260,231,132,2023,72586,46697,22924
2024-10-01,PL8114,Powiat włodawski,1590,833,,383,823,,,204,226,17,2023,35399,22738,10898
2024-10-01,PL9244,Powiat przasnyski,1593,835,,508,776,,,274,238,50,2023,49037,31722,15266
2024-10-01,PL8127,Powiat m.Chełm,1594,830,,304,500,,,160,254,53,2023,57214,36086,18384
2024-10-01,PL5153,Powiat karkonoski,1596,756,,528,780,,,128,305,67,2023,60438,39208,19643
2024-10-01,PL4283,Powiat gryfiński,1598,919,,551,722,,,225,287,59,2023,76959,50585,24589
2024-10-01,PL7121,Powiat łódzki wschodni,1599,708,,435,784,,,167,333,200,2023,74706,48382,24400
2024-10-01,HU3325,Mezőkovácsházai Járás,1603,805,,827,,,,173,566,,2023,33101,20898,9996
2024-10-01,PL9231,Powiat gostyniński,1608,892,,518,816,,,196,252,57,2023,42238,27228,13398
2024-10-01,PL5187,Powiat wołowski,1612,840,,419,877,,,172,266,83,2023,45458,29408,14442
2024-10-01,PL9123,Powiat otwocki,1614,658,,443,488,,,166,326,157,2023,126779,80006,40148
2024-10-01,CZ0313,Jindřichův Hradec,1623,928,1521,416,379,318,281,281,395,745,2023,90246,55706,27340
2024-10-01,HU3136,Szécsényi Járás,1624,773,,939,,,,285,416,,2023,17485,11391,5490
2024-10-01,PL5183,Powiat oławski,1624,796,,410,549,,,205,268,146,2023,77428,49897,24827
2024-10-01,HU231A,Szigetvári Járás,1625,742,,752,,,,239,442,,2023,22942,14972,7267
2024-10-01,PL4284,Powiat kamieński,1631,867,,545,780,,,188,304,64,2023,44137,28288,13933
2024-10-01,PL8222,Powiat lubaczowski,1632,767,,314,634,,,279,289,22,2023,52565,35006,16864
2024-10-01,PL4168,Powiat m.Kalisz,1632,853,,467,586,,,150,290,193,2023,93137,58123,29745
2024-10-01,PL8115,Powiat m.Biała Podlaska,1634,772,,323,698,,,167,234,78,2023,54453,34903,17653
2024-10-01,PL4276,Powiat świdwiński,1637,866,,513,616,,,237,241,100,2023,43237,27905,13605
2024-10-01,PL7147,Powiat zduńskowolski,1641,848,,457,632,,,207,295,58,2023,63326,40722,20123
2024-10-01,SK0229,Trenčín,1642,943,1515,111,245,281,303,234,248,1296,2023,113225,72865,36010
2024-10-01,PL5158,Powiat złotoryjski,1642,835,,552,818,,,177,279,34,2023,40616,26421,13073
2024-10-01,SK0212,Galanta,1644,969,1525,268,215,296,311,273,251,2714,2023,95457,64086,31484
2024-10-01,PL9246,Powiat m.Ostrołęka,1645,815,,336,755,,,174,285,23,2023,48229,30262,15368
2024-10-01,CZ0201,Benešov,1655,958,1509,342,217,309,304,323,352,2758,2023,103359,64058,31582
2024-10-01,PL9222,Powiat mławski,1657,881,,408,589,,,249,278,327,2023,69074,45209,22091
2024-10-01,PL8432,Powiat grajewski,1663,755,,522,753,,,268,243,87,2023,44222,29255,14278
2024-10-01,PL7136,Powiat m.Piotrków Trybunalski,1670,842,,465,667,,,168,276,90,2023,66519,41658,21173
2024-10-01,PL6183,Powiat tucholski,1672,885,,512,753,,,302,224,35,2023,46917,30249,14797
2024-10-01,PL6228,Powiat m.Olsztyn,1673,830,,323,296,,,155,311,282,2023,167311,107734,55912
2024-10-01,SK0236,Topoľčany,1682,957,1475,170,472,262,242,211,313,1792,2023,69577,46236,22470
2024-10-01,HU3125,Hatvani Járás,1687,895,,624,,,,169,508,,2023,50818,33341,16179
2024-10-01,PL9134,Powiat pruszkowski,1695,832,,375,488,,,107,352,497,2023,179667,114513,58261
2024-10-01,HU3117,Mezőkövesdi Járás,1697,899,,719,,,,212,519,,2023,38800,24624,11883
2024-10-01,CZ0631,Havlíčkův Brod,1703,993,1589,386,530,261,255,253,479,1008,2023,95858,59626,28986
2024-10-01,PL9225,Powiat żuromiński,1705,883,,429,825,,,263,239,84,2023,35486,23180,11294
2024-10-01,PL7133,Powiat piotrkowski,1706,861,,490,702,,,256,299,236,2023,90121,58747,28621
2024-10-01,PL5171,Powiat dzierżoniowski,1707,876,,545,494,,,193,327,33,2023,94740,60123,30066
2024-10-01,PL6191,Powiat aleksandrowski,1725,873,,593,687,,,221,287,88,2023,53458,34425,17061
2024-10-01,CZ0316,Strakonice,1727,971,1426,521,486,300,294,305,459,586,2023,71764,44992,22000
2024-10-01,HU2212,Győri Járás,1727,893,,372,,,,162,586,,2023,201315,133202,65844
2024-10-01,PL6372,Powiat człuchowski,1735,1023,,530,664,,,325,281,30,2023,53135,34674,17123
2024-10-01,HU3236,Kisvárdai Járás,1735,870,,731,,,,215,659,,2023,51334,34210,16741
2024-10-01,CZ0322,Klatovy,1738,957,1592,515,360,274,307,307,411,1682,2023,87238,54643,26920
2024-10-01,PL6341,Powiat gdański,1739,1112,,523,672,,,205,259,606,2023,131728,88215,44158
2024-10-01,HU110D,Budapest 13. kerület,1742,1004,,331,,,,65,571,,2023,117792,80856,41491
2024-10-01,PL8423,Powiat kolneński,1750,749,,496,1005,,,370,245,12,2023,35702,24070,11473
2024-10-01,PL9212,Powiat kozienicki,1753,933,,440,792,,,250,254,23,2023,57153,36052,17470
2024-10-01,PL2251,Powiat bielski,1758,893,,329,495,,,229,342,62,2023,165824,107440,53683
2024-10-01,PL5161,Powiat głogowski,1771,1101,,391,696,,,256,212,134,2023,85043,54000,26937
2024-10-01,PL6163,Powiat golubsko-dobrzyński,1774,1081,,524,856,,,331,236,14,2023,43278,28462,13942
2024-10-01,PL5177,Powiat m.Wałbrzych od 2013,1783,944,,611,426,,,171,308,102,2023,100294,62558,31532
2024-10-01,HU2318,Siklósi Járás,1788,863,,946,,,,213,541,,2023,33600,21306,10416
2024-10-01,PL6234,Powiat piski,1801,940,,652,666,,,266,352,78,2023,51969,34712,16783
2024-10-01,SK0423,Košice II,1804,968,1632,355,637,213,177,197,349,271,2023,78385,51950,26391
2024-10-01,PL6373,Powiat kościerski,1812,1030,,346,714,,,410,203,89,2023,72202,46850,23028
2024-10-01,SK0215,Senica,1821,934,1683,499,578,233,220,302,300,312,2023,58980,39248,19215
2024-10-01,PL8151,Powiat janowski,1822,840,,396,926,,,372,209,150,2023,42796,27995,13463
2024-10-01,HU120A,Nagykátai Járás,1824,984,,893,,,,148,631,,2023,73414,48292,23256
2024-10-01,CZ0325,Plzeň-sever,1826,1031,1623,535,553,266,282,328,412,1980,2023,83421,53729,26172
2024-10-01,PL4147,Powiat m.Konin,1831,1065,,422,687,,,157,299,36,2023,67066,41643,21065
2024-10-01,SK0316,Martin,1844,917,1696,215,421,262,292,279,295,999,2023,93041,60950,30280
2024-10-01,PL8154,Powiat opolski,1847,916,,449,903,,,327,218,22,2023,55650,35717,17515
2024-10-01,PL4272,Powiat drawski,1857,989,,603,661,,,233,315,96,2023,53516,34539,16963
2024-10-01,PL4271,Powiat choszczeński,1858,1064,,628,828,,,251,277,17,2023,44422,28884,14084
2024-10-01,HU3126,Hevesi Járás,1859,1044,,1196,,,,226,541,,2023,33183,20757,10051
2024-10-01,SK041A,Stará Ľubovňa,1864,1105,1447,853,849,155,163,323,259,162,2023,53107,34709,16798
2024-10-01,PL9233,Powiat sierpecki,1865,997,,513,907,,,271,300,16,2023,48259,31768,15389
2024-10-01,PL8121,Powiat biłgorajski,1869,955,,338,614,,,384,243,37,2023,96158,62756,30520
2024-10-01,CZ0312,Český Krumlov,1870,1025,1763,750,586,279,246,298,490,3648,2023,62072,39957,19449
2024-10-01,PL6161,Powiat brodnicki,1871,1111,,533,403,,,411,217,89,2023,77791,51025,24990
2024-10-01,HU1207,Gödöllői Járás,1874,1066,,493,,,,143,623,,2023,159090,104534,51956
2024-10-01,PL9132,Powiat nowodworski,1875,918,,689,876,,,226,306,225,2023,79571,51518,25582
2024-10-01,CZ020A,Praha-západ,1878,1112,1676,327,341,316,382,304,405,5608,2023,160626,102465,52207
2024-10-01,PL5245,Powiat opolski,1878,961,,465,692,,,250,387,174,2023,120841,80848,40407
2024-10-01,PL5175,Powiat ząbkowicki,1879,943,,526,660,,,224,351,109,2023,60562,39103,19301
2024-10-01,PL2273,Powiat wodzisławski,1881,1096,,508,539,,,338,276,105,2023,150269,97901,48814
2024-10-01,PL6162,Powiat chełmiński,1885,1035,,671,852,,,304,254,27,2023,49123,32578,16147
2024-10-01,HU3223,Karcagi Járás,1889,1096,,950,,,,317,514,,2023,38617,24492,11801
2024-10-01,PL2146,Powiat wielicki,1895,942,,373,594,,,288,333,263,2023,143628,94727,47305
2024-10-01,PL6227,Powiat szczycieński,1899,997,,551,538,,,299,300,41,2023,66535,44213,21411
2024-10-01,HU2118,Székesfehérvári Járás,1900,984,,502,,,,186,681,,2023,150571,97832,48578
2024-10-01,PL2254,Powiat m.Bielsko-Biała,1902,943,,384,464,,,158,391,118,2023,165766,103326,52208
2024-10-01,SK041C,Svidník,1905,1076,1383,755,985,142,152,295,288,171,2023,31183,20837,10127
2024-10-01,PL6193,Powiat radziejowski,1907,1095,,469,1090,,,270,269,80,2023,37812,24643,12038
2024-10-01,HU3336,Szegedi Járás,1915,985,,368,,,,166,694,,2023,196114,129700,65215
2024-10-01,SK0105,Bratislava V,1915,1030,1822,147,239,327,379,189,156,1899,2023,122048,75678,38045
2024-10-01,HU1203,Ceglédi Járás,1920,1107,,783,,,,196,692,,2023,89337,57668,28410
2024-10-01,PL7132,Powiat opoczyński,1927,1026,,380,731,,,303,291,185,2023,71776,46149,22406
2024-10-01,PL5241,Powiat kędzierzyńsko-kozielski,1929,1088,,656,850,,,231,416,501,2023,86161,56638,28269
2024-10-01,PL6174,Powiat żniński,1930,1170,,423,768,,,348,267,117,2023,67536,43657,21470
2024-10-01,SK0108,Senec,1945,1165,1876,180,323,307,334,258,229,2731,2023,105075,68273,34899
2024-10-01,PL8128,Powiat m.Zamość,1950,908,,331,872,,,178,333,72,2023,58231,36768,18938
2024-10-01,PL22B2,Powiat zawierciański,1958,1019,,342,739,,,215,315,335,2023,111628,70584,35041
2024-10-01,PL4328,Powiat m.Zielona Góra,1967,971,,460,504,,,158,335,252,2023,138932,88513,45204
2024-10-01,HU3124,Gyöngyösi Járás,1968,1092,,867,,,,207,662,,2023,66936,42501,21003
2024-10-01,PL8245,Powiat stalowowolski,1979,1045,,382,630,,,271,307,50,2023,100891,65054,32338
2024-10-01,PL7134,Powiat radomszczański,1981,1106,,484,661,,,272,337,409,2023,106671,68682,33483
2024-10-01,PL4165,Powiat ostrowski,2001,1160,,351,379,,,335,328,176,2023,158486,102857,50999
2024-10-01,PL4264,Powiat sławieński,2004,1031,,661,780,,,240,350,45,2023,52903,34525,17076
2024-10-01,SK0315,Liptovský Mikuláš,2007,1022,1790,515,657,323,240,318,339,808,2023,71405,46533,23072
2024-10-01,CZ0514,Semily,2017,1081,1888,482,540,288,323,350,511,990,2023,73097,45098,21930
2024-10-01,CZ0209,Praha-východ,2019,1190,1882,249,339,344,468,331,418,6507,2023,202067,130236,65857
2024-10-01,PL8431,Powiat augustowski,2026,873,,517,1061,,,301,353,42,2023,54449,35857,17607
2024-10-01,PL2172,Powiat dąbrowski,2029,1138,,331,953,,,423,229,31,2023,57550,38658,18946
2024-10-01,PL7226,Powiat sandomierski,2032,1023,,408,896,,,364,235,39,2023,71824,46174,22752
2024-10-01,CZ0721,Kroměříž,2037,1031,1905,486,461,342,376,322,546,871,2023,104410,65255,31924
2024-10-01,PL8155,Powiat puławski,2037,1051,,437,653,,,299,322,88,2023,107020,67187,33457
2024-10-01,PL9122,Powiat miński,2043,1067,,399,883,,,250,382,124,2023,159388,102948,51148
2024-10-01,HU2112,Dunaújvárosi Járás,2045,1105,,706,,,,175,753,,2023,88013,57292,27479
2024-10-01,SK0323,Brezno,2068,1139,1602,721,873,158,194,266,400,102,2023,58297,38135,18734
2024-10-01,PL6381,Powiat kwidzyński,2070,1305,,611,856,,,348,282,150,2023,80146,53328,26207
2024-10-01,PL5166,Powiat m.Legnica,2079,1088,,609,699,,,193,377,111,2023,91948,58083,29409
2024-10-01,PL4263,Powiat koszaliński,2094,1172,,772,892,,,224,398,106,2023,64450,43151,21180
2024-10-01,PL22A2,Powiat m.Katowice,2098,1028,,402,366,,,181,359,525,2023,279190,180222,91503
2024-10-01,PL6182,Powiat świecki,2100,1267,,661,802,,,362,343,106,2023,94831,61964,30664
2024-10-01,HU3233,Fehérgyarmati Járás,2105,938,,1106,,,,321,629,,2023,35274,22866,11037
2024-10-01,CZ0205,Kutná Hora,2116,1206,1884,645,576,302,327,359,532,1208,2023,78431,49062,23860
2024-10-01,PL7131,Powiat bełchatowski,2117,1224,,498,847,,,291,261,124,2023,108599,70302,35163
2024-10-01,HU2235,Zalaegerszegi Járás,2121,1033,,696,,,,272,705,,2023,96540,62306,30669
2024-10-01,HU2234,Nagykanizsai Járás,2122,1039,,824,,,,201,846,,2023,70538,44759,22281
2024-10-01,CZ0646,Vyškov,2123,1189,1959,497,618,265,298,343,495,1455,2023,95077,59955,29291
2024-10-01,PL9121,Powiat legionowski,2126,1002,,552,822,,,203,374,75,2023,131847,85289,42944
2024-10-01,PL2181,Powiat gorlicki,2128,1312,,278,784,,,436,306,36,2023,105322,68575,33477
2024-10-01,CZ0531,Chrudim,2130,1213,1971,615,407,393,396,455,476,2192,2023,106616,66641,32451
2024-10-01,SK0412,Humenné,2132,1140,1799,391,990,190,171,278,425,317,2023,58688,39510,19254
2024-10-01,PL21A3,Powiat oświęcimski,2133,1200,,372,603,,,288,324,178,2023,148415,95632,47423
2024-10-01,PL2293,Powiat m.Zabrze,2134,1209,,734,544,,,267,370,206,2023,153838,101118,50763
2024-10-01,PL2242,Powiat kłobucki,2140,1071,,436,840,,,316,337,44,2023,81964,53642,26236
2024-10-01,PL2174,Powiat m.Tarnów,2143,1225,,364,748,,,225,391,341,2023,103129,65453,33091
2024-10-01,HU3239,Nyírbátori Járás,2143,1163,,1418,,,,231,628,,2023,39884,26574,12973
2024-10-01,PL4182,Powiat poznański,2146,1207,,399,471,,,214,353,155,2023,448663,296322,149987
2024-10-01,PL6362,Powiat lęborski,2149,1238,,618,904,,,364,304,44,2023,63677,41181,20477
2024-10-01,PL6213,Powiat elbląski,2154,1186,,808,965,,,300,396,28,2023,54142,36197,17343
2024-10-01,PL4141,Powiat gnieźnieński,2160,1260,,532,640,,,336,363,32,2023,141303,91046,45125
2024-10-01,PL8125,Powiat tomaszowski,2163,1120,,590,942,,,404,306,29,2023,77016,50105,24291
2024-10-01,SK0104,Bratislava IV,2172,1206,2108,148,466,236,217,222,314,8478,2023,105043,68979,34895
2024-10-01,PL5231,Powiat brzeski,2181,1168,,570,793,,,251,389,46,2023,86149,56087,27623
2024-10-01,HU3212,Berettyóújfalui Járás,2184,1094,,1071,,,,261,722,,2023,40755,26111,12584
2024-10-01,PL5247,Powiat m.Opole,2187,1128,,554,819,,,176,391,598,2023,126077,80288,41323
2024-10-01,PL8122,Powiat chełmski,2188,1222,,543,743,,,367,315,12,2023,73705,48665,23388
2024-10-01,PL22B3,Powiat m.Dąbrowa Górnicza,2209,1139,,486,800,,,235,300,296,2023,113460,70899,35717
2024-10-01,PL4265,Powiat m.Koszalin,2210,1064,,702,742,,,161,481,259,2023,105540,65781,33281
2024-10-01,PL8214,Powiat krośnieński,2211,1228,,369,817,,,291,340,88,2023,108659,71361,34914
2024-10-01,PL7144,Powiat sieradzki,2223,1104,,601,787,,,363,360,81,2023,111477,71921,35310
2024-10-01,HU3122,Egri Járás,2233,1142,,726,,,,220,652,,2023,81389,52355,26453
2024-10-01,PL6384,Powiat tczewski,2234,1363,,704,824,,,360,293,176,2023,111237,73084,36096
2024-10-01,PL2282,Powiat tarnogórski,2235,1170,,544,867,,,306,321,201,2023,139160,90026,45055
2024-10-01,PL8412,Powiat sokólski,2239,864,,678,1332,,,309,369,39,2023,61246,39839,19079
2024-10-01,PL2193,Powiat tatrzański,2243,973,,679,1163,,,388,334,38,2023,66478,43440,21843
2024-10-01,HU3321,Békéscsabai Járás,2251,1111,,545,,,,304,643,,2023,74477,46927,23583
2024-10-01,CZ0411,Cheb,2252,1248,2072,1010,664,343,340,420,557,2729,2023,94224,61124,31112
2024-10-01,SK0217,Trnava,2262,1297,2120,278,245,388,447,294,337,5153,2023,132524,86763,42818
2024-10-01,PL5182,Powiat oleśnicki,2265,1153,,590,825,,,301,387,38,2023,106516,69178,34136
2024-10-01,PL7212,Powiat konecki,2275,1254,,372,608,,,327,338,51,2023,73741,46960,22628
2024-10-01,PL8241,Powiat dębicki,2284,1401,,357,758,,,436,333,164,2023,132615,87600,42887
2024-10-01,PL8225,Powiat m.Przemyśl,2287,1074,,531,1203,,,208,402,21,2023,56050,35526,18075
2024-10-01,PL2292,Powiat m.Gliwice,2287,1192,,561,659,,,200,377,345,2023,169915,107691,53920
2024-10-01,PL9243,Powiat ostrowski,2288,1111,,541,1109,,,422,318,45,2023,68412,43994,21367
2024-10-01,SK0321,Banská Bystrica,2289,1193,2127,235,617,278,321,271,420,1194,2023,107199,69097,34934
2024-10-01,PL21A1,Powiat chrzanowski,2290,1211,,616,796,,,288,397,195,2023,118684,76050,37828
2024-10-01,HU323C,Vásárosnaményi Járás,2291,1155,,1252,,,,315,637,,2023,35107,22582,10844
2024-10-01,PL9224,Powiat pułtuski,2304,1115,,644,1160,,,342,299,115,2023,50311,32716,15910
2024-10-01,PL6363,Powiat słupski,2318,1174,,798,804,,,308,382,304,2023,96293,63588,30960
2024-10-01,SK0312,Čadca,2329,1294,1962,229,697,271,305,356,459,1099,2023,87135,60347,29024
2024-10-01,PL4113,Powiat pilski,2331,1269,,634,576,,,368,405,76,2023,130525,85018,42047
2024-10-01,PL6383,Powiat starogardzki,2331,1443,,607,745,,,403,341,75,2023,125125,82358,40470
2024-10-01,HU311D,Szerencsi Járás,2334,1130,,1225,,,,336,659,,2023,36966,23696,11530
2024-10-01,PL4261,Powiat białogardzki,2335,1226,,930,1204,,,255,396,106,2023,44373,29125,14231
2024-10-01,PL8232,Powiat łańcucki,2344,1111,,380,881,,,409,334,17,2023,80844,52599,25788
2024-10-01,PL6332,Powiat m.Gdynia,2354,1300,,428,584,,,162,394,375,2023,241189,152954,78593
2024-10-01,SK0102,Bratislava II,2357,1291,2238,229,415,276,344,213,330,11527,2023,125980,82335,41978
2024-10-01,HU3112,Edelényi Járás,2358,1161,,1469,,,,343,561,,2023,32109,20229,9802
2024-10-01,PL9263,Powiat żyrardowski,2359,1121,,821,1191,,,226,381,110,2023,75153,48013,24102
2024-10-01,PL6217,Powiat m.Elbląg,2385,1278,,633,827,,,229,448,97,2023,112923,72319,36325
2024-10-01,PL7224,Powiat opatowski,2386,1077,,522,1230,,,422,333,21,2023,48394,31147,15131
2024-10-01,HU2315,Pécsi Járás,2401,1289,,546,,,,270,761,,2023,174658,113947,58353
2024-10-01,CZ0713,Prostějov,2402,1345,2247,715,685,319,353,374,559,1054,2023,108930,68472,33598
2024-10-01,PL9214,Powiat przysuski,2421,1048,,490,1360,,,397,366,14,2023,38621,24860,11935
2024-10-01,PL6221,Powiat bartoszycki,2425,1279,,746,1081,,,339,392,6,2023,52674,34480,16874
2024-10-01,PL2241,Powiat częstochowski,2426,1254,,554,706,,,301,441,68,2023,131569,85689,42042
2024-10-01,CZ0317,Tábor,2442,1345,2277,602,622,391,397,413,618,1979,2023,104172,64670,31868
2024-10-01,CZ0202,Beroun,2450,1407,2216,645,820,361,328,371,577,3794,2023,101748,65002,32123
2024-10-01,HU3113,Encsi Járás,2469,1050,,1557,,,,445,488,,2023,21485,13417,6461
2024-10-01,PL9241,Powiat makowski,2472,1140,,599,1367,,,453,301,46,2023,41736,26731,12851
2024-10-01,PL6226,Powiat olsztyński,2476,1220,,816,694,,,333,426,184,2023,129914,87266,43199
2024-10-01,PL8142,Powiat lubelski,2480,1217,,529,867,,,472,284,382,2023,164469,108587,53538
2024-10-01,CZ0533,Svitavy,2483,1321,2325,712,687,337,371,486,652,2470,2023,104669,66090,32200
2024-10-01,PL4286,Powiat stargardzki,2493,1472,,607,1138,,,269,367,171,2023,119090,77129,37885
2024-10-01,PL6192,Powiat lipnowski,2502,1528,,777,944,,,478,274,25,2023,62578,41599,20227
2024-10-01,PL6222,Powiat kętrzyński,2504,1251,,871,1132,,,299,425,70,2023,57045,37087,18071
2024-10-01,SK0211,Dunajská Streda,2510,1552,2259,563,522,363,429,351,418,2225,2023,127025,85394,42765
2024-10-01,SK0232,Levice,2515,1553,2118,571,794,359,346,384,500,1567,2023,108479,71829,35451
2024-10-01,CZ0632,Jihlava,2516,1335,2324,702,607,420,387,450,578,2501,2023,117728,74743,36517
2024-10-01,PL22B1,Powiat będziński,2529,1201,,761,666,,,262,429,246,2023,144685,91632,45791
2024-10-01,PL6173,Powiat nakielski,2541,1537,,725,1042,,,408,356,177,2023,82874,54662,26797
2024-10-01,PL6361,Powiat bytowski,2546,1506,,712,1047,,,457,335,96,2023,76502,49801,24408
2024-10-01,CZ0207,Mladá Boleslav,2550,1521,2401,861,682,346,397,431,709,10468,2023,136480,88672,43333
2024-10-01,PL8124,Powiat krasnostawski,2553,1244,,660,1344,,,442,341,77,2023,59041,37280,17932
2024-10-01,PL6212,Powiat działdowski,2559,1495,,708,1247,,,366,423,52,2023,61416,40421,19896
2024-10-01,HU3115,Kazincbarcikai Járás,2565,1371,,1018,,,,363,814,,2023,58744,38333,18836
2024-10-01,SK0233,Nitra,2567,1524,2333,278,324,433,505,331,421,5327,2023,164820,107903,53491
2024-10-01,PL2253,Powiat żywiecki,2571,1226,,600,670,,,373,500,125,2023,148829,97820,48296
2024-10-01,PL7122,Powiat pabianicki,2590,1202,,881,1015,,,203,541,112,2023,119066,75544,38131
2024-10-01,PL8233,Powiat ropczycko-sędziszowski,2596,1383,,431,1063,,,547,349,41,2023,74027,48826,23951
2024-10-01,HU3237,Mátészalkai Járás,2606,1306,,1655,,,,314,840,,2023,60078,39137,19257
2024-10-01,CZ0534,Ústí nad Orlicí,2633,1456,2462,829,704,373,493,479,650,3297,2023,138387,86989,42360
2024-10-01,PL8123,Powiat hrubieszowski,2641,1287,,672,1314,,,463,350,26,2023,56783,36618,17737
2024-10-01,PL9221,Powiat ciechanowski,2650,1247,,684,1094,,,364,422,74,2023,85167,54682,26677
2024-10-01,PL5234,Powiat nyski,2652,1360,,761,915,,,267,573,104,2023,127992,82998,40956
2024-10-01,CZ0635,Žďár nad Sázavou,2653,1390,2380,471,879,334,329,435,703,1114,2023,119296,75084,36472
2024-10-01,PL9242,Powiat ostrołęcki,2661,1372,,507,1155,,,454,393,16,2023,87494,58812,28002
2024-10-01,SK0231,Komárno,2670,1539,2217,789,851,311,322,340,674,830,2023,99273,66253,32298
2024-10-01,HU2324,Kaposvári Járás,2677,1479,,1139,,,,372,901,,2023,107556,68175,34091
2024-10-01,PL8215,Powiat sanocki,2720,1337,,474,1237,,,383,365,20,2023,89743,58485,28901
2024-10-01,CZ0634,Třebíč,2728,1551,2453,625,976,367,319,469,685,1273,2023,110503,69494,33787
2024-10-01,PL6132,Powiat toruński,2747,1568,,810,973,,,416,309,66,2023,114303,77108,38224
2024-10-01,PL21A2,Powiat olkuski,2755,1341,,549,1175,,,392,402,115,2023,105900,67134,33368
2024-10-01,CZ0512,Jablonec nad Nisou,2759,1514,2504,1213,862,396,383,500,543,673,2023,93312,58217,28920
2024-10-01,PL8223,Powiat przemyski,2775,1381,,659,1373,,,403,422,8,2023,71131,47753,23059
2024-10-01,PL6134,Powiat m.Toruń,2791,1416,,704,783,,,285,420,196,2023,194771,124818,64533
2024-10-01,CZ0641,Blansko,2791,1487,2565,727,946,313,354,488,663,773,2023,111025,69080,33940
2024-10-01,PL6216,Powiat ostródzki,2791,1501,,912,814,,,435,477,255,2023,99069,64919,31754
2024-10-01,PL8244,Powiat niżański,2803,1412,,618,1319,,,428,435,50,2023,63733,43082,21014
2024-10-01,PL9216,Powiat szydłowiecki,2817,1395,,566,1571,,,310,449,46,2023,37500,24577,11801
2024-10-01,PL8242,Powiat leżajski,2826,1453,,419,1351,,,443,392,66,2023,66698,44349,21674
2024-10-01,PL9133,Powiat piaseczyński,2836,1267,,874,1034,,,189,571,1247,2023,215088,141167,71971
2024-10-01,PL7151,Powiat kutnowski,2841,1542,,853,1267,,,377,409,228,2023,90671,57488,28409
2024-10-01,HU3227,Szolnoki Járás,2847,1563,,997,,,,286,853,,2023,109626,70268,34755
2024-10-01,PL9223,Powiat płoński,2875,1558,,858,1399,,,485,400,697,2023,84006,54460,26561
2024-10-01,CZ0644,Břeclav,2879,1575,2725,701,721,401,375,497,706,1261,2023,118828,75616,37542
2024-10-01,CZ0523,Náchod,2909,1601,2725,1056,800,412,485,581,648,1380,2023,110453,68389,33573
2024-10-01,CZ0511,Česká Lípa,2930,1594,2681,1014,735,463,425,611,625,849,2023,103510,66488,32523
2024-10-01,PL6167,Powiat m.Grudziądz,2932,1636,,1133,1138,,,394,412,52,2023,88658,56392,28485
2024-10-01,PL8152,Powiat kraśnicki,2933,1403,,781,1487,,,565,335,78,2023,89215,57117,28097
2024-10-01,PL6231,Powiat ełcki,2936,1497,,954,1141,,,355,446,56,2023,88343,59036,29206
2024-10-01,HU323A,Nyíregyházi Járás,2939,1684,,827,,,,322,1112,,2023,162229,106553,53672
2024-10-01,PL8235,Powiat strzyżowski,2955,1513,,463,1572,,,450,417,26,2023,59201,39526,19225
2024-10-01,PL9234,Powiat m.Płock,2970,1767,,728,1215,,,228,534,193,2023,111190,70257,35744
2024-10-01,CZ0722,Uherské Hradiště,2982,1644,2753,514,787,451,481,497,725,1621,2023,141736,89087,43513
2024-10-01,PL4275,Powiat szczecinecki,2986,1740,,989,1282,,,397,500,32,2023,72717,46731,23073
2024-10-01,HU3315,Kecskeméti Járás,3005,1568,,950,,,,303,986,,2023,156154,102117,50812
2024-10-01,PL8126,Powiat zamojski,3011,1488,,644,1338,,,563,421,21,2023,100753,66028,31934
2024-10-01,PL21A4,Powiat wadowicki,3018,1566,,634,1057,,,486,480,130,2023,157473,103547,51055
2024-10-01,PL2252,Powiat cieszyński,3033,1553,,661,1222,,,461,503,143,2023,174794,111760,55849
2024-10-01,CZ0208,Nymburk,3062,1698,2851,788,884,403,449,552,676,2915,2023,106551,68126,33960
2024-10-01,PL8243,Powiat mielecki,3066,1502,,498,1229,,,503,470,406,2023,132983,86825,42705
2024-10-01,SK0416,Poprad,3080,1597,2567,1117,1178,360,310,526,435,754,2023,102038,66637,33044
2024-10-01,PL7215,Powiat starachowicki,3083,1445,,605,1537,,,306,539,117,2023,83634,52917,25814
2024-10-01,PL7213,Powiat ostrowiecki,3087,1599,,654,1044,,,381,488,130,2023,100058,62743,31261
2024-10-01,PL9232,Powiat płocki,3134,1824,,1003,1340,,,405,551,86,2023,109531,73098,35521
2024-10-01,PL2191,Powiat nowotarski,3140,1599,,788,759,,,633,413,181,2023,190107,126664,63062
2024-10-01,CZ0525,Trutnov,3151,1660,2944,908,881,477,451,552,759,1316,2023,116965,73104,35566
2024-10-01,PL6371,Powiat chojnicki,3153,1964,,574,1406,,,552,426,101,2023,96024,62358,30823
2024-10-01,CZ0423,Litoměřice,3171,1828,2924,941,891,498,539,596,697,1004,2023,119486,75291,36783
2024-10-01,SK0234,Nové Zámky,3177,1897,2879,531,729,436,442,412,628,2174,2023,135003,89095,43761
2024-10-01,PL7135,Powiat tomaszowski,3190,1542,,831,1233,,,383,472,73,2023,110634,69998,34865
2024-10-01,PL7214,Powiat skarżyski,3210,1518,,626,1584,,,293,558,57,2023,68103,42371,20832
2024-10-01,PL9251,Powiat garwoliński,3212,1446,,669,1500,,,502,433,100,2023,105510,67754,32933
2024-10-01,PL8224,Powiat przeworski,3221,1732,,571,1573,,,496,398,132,2023,75739,50128,24598
2024-10-01,CZ0724,Zlín,3226,1689,3015,533,679,503,597,467,851,4070,2023,192297,120895,59045
2024-10-01,PL8141,Powiat lubartowski,3228,1584,,652,1733,,,528,459,62,2023,83975,54809,26665
2024-10-01,PL2182,Powiat limanowski,3255,1946,,488,1118,,,833,369,70,2023,131654,86540,42425
2024-10-01,SK031B,Žilina,3267,1799,2918,281,875,362,321,487,481,3701,2023,160538,105607,51920
2024-10-01,PL8111,Powiat bialski,3343,1638,,747,1517,,,531,468,186,2023,104849,68504,32795
2024-10-01,PL4143,Powiat koniński,3359,2063,,697,1434,,,620,366,21,2023,128837,86602,42397
2024-10-01,CZ0204,Kolín,3360,1939,3053,959,867,523,574,630,749,4443,2023,107731,68187,33267
2024-10-01,PL2283,Powiat m.Bytom,3380,1809,,1235,1279,,,361,598,173,2023,147759,97128,48635
2024-10-01,CZ0413,Sokolov,3385,1841,3162,1865,1143,481,448,655,733,891,2023,85670,55111,26827
2024-10-01,CZ020B,Příbram,3388,1763,3146,921,943,494,486,669,821,2901,2023,118150,73799,36460
2024-10-01,PL5173,Powiat świdnicki,3396,1772,,1013,1102,,,399,596,83,2023,150410,96474,47890
2024-10-01,HU3135,Salgótarjáni Járás,3411,1732,,1772,,,,364,1052,,2023,55569,35061,17280
2024-10-01,PL7123,Powiat zgierski,3428,1645,,1055,1189,,,377,612,854,2023,166340,106128,53269
2024-10-01,PL6133,Powiat m.Bydgoszcz,3458,1779,,890,795,,,292,593,294,2023,326434,206171,105291
2024-10-01,PL2244,Powiat m.Częstochowa,3468,1843,,843,823,,,301,643,106,2023,205969,128402,65139
2024-10-01,SK0328,Revúca,3485,1998,2168,1857,2279,143,97,393,722,121,2023,37816,25077,12187
2024-10-01,CZ0206,Mělník,3491,2021,3127,1263,1151,533,563,626,796,6395,2023,114115,73124,36095
2024-10-01,CZ0715,Šumperk,3491,1769,3277,956,1096,465,445,549,888,1241,2023,119838,74362,36306
2024-10-01,PL6195,Powiat m.Włocławek,3516,1908,,1222,1805,,,302,632,466,2023,100807,63573,32316
2024-10-01,PL8212,Powiat brzozowski,3520,1769,,607,1928,,,563,510,5,2023,63203,41581,20327
2024-10-01,PL4151,Powiat m.Poznań,3643,1891,,751,832,,,209,640,384,2023,538439,352755,181533
2024-10-01,PL8411,Powiat białostocki,3649,1560,,936,1540,,,377,637,77,2023,157896,103306,50710
2024-10-01,SK0326,Lučenec,3673,2020,2815,1570,1874,282,275,522,674,262,2023,69018,45829,22817
2024-10-01,CZ0521,Hradec Králové,3729,2119,3285,1051,980,584,657,682,844,4455,2023,167901,103690,51555
2024-10-01,PL6345,Powiat wejherowski,3731,2334,,902,1150,,,641,513,176,2023,229446,151420,75468
2024-10-01,CZ0424,Louny,3739,2065,3383,1640,1533,398,422,686,862,1079,2023,86899,55447,27078
2024-10-01,PL22B5,Powiat m.Sosnowiec,3744,1828,,968,1401,,,295,634,252,2023,187115,116350,58622
2024-10-01,CZ0412,Karlovy Vary,3760,2031,3406,1371,1390,442,461,594,988,1341,2023,115183,72602,36168
2024-10-01,PL6194,Powiat włocławski,3769,2121,,1273,2273,,,518,558,170,2023,82151,54250,26511
2024-10-01,CZ0532,Pardubice,3782,2170,3543,1002,887,622,703,649,833,5580,2023,180888,114786,56596
2024-10-01,SK042A,Spišská Nová Ves,3807,2211,3011,1893,1872,324,375,599,588,290,2023,98556,63495,31241
2024-10-01,SK0418,Sabinov,3808,2073,2936,2201,2195,230,236,698,484,42,2023,61542,39273,19080
2024-10-01,CZ0723,Vsetín,3900,1934,3595,936,1237,490,481,630,1056,1811,2023,142301,89719,43667
2024-10-01,CZ0311,České Budějovice,3903,2267,3666,971,795,771,667,686,826,3311,2023,201926,127753,63691
2024-10-01,PL7211,Powiat kielecki,3909,1987,,617,966,,,662,558,221,2023,211764,141238,68972
2024-10-01,PL2173,Powiat tarnowski,3915,2281,,638,1546,,,805,531,190,2023,197335,132216,64783
2024-10-01,CZ0804,Nový Jičín,3922,2040,3728,973,1131,557,615,555,1066,2734,2023,151781,96388,46736
2024-10-01,SK0411,Bardejov,3982,2116,3317,1729,2089,306,343,719,594,342,2023,75547,49826,24002
2024-10-01,SK0428,Rožňava,3997,2162,3172,1948,2273,207,225,512,733,135,2023,58422,38153,18718
2024-10-01,SK0227,Prievidza,4007,1881,3629,568,1125,457,490,455,851,1775,2023,128613,84618,41330
2024-10-01,CZ0714,Přerov,4011,2178,3772,1318,1495,479,514,638,1045,2132,2023,128304,80839,39528
2024-10-01,CZ0647,Znojmo,4088,2226,3884,1063,1317,577,548,685,1036,1763,2023,116110,73153,35886
2024-10-01,HU3119,Ózdi Járás,4097,2200,,2416,,,,553,1076,,2023,49011,30881,15146
2024-10-01,CZ0801,Bruntál,4139,2335,3907,1613,1849,458,417,637,1095,664,2023,89168,56044,27061
2024-10-01,CZ0323,Plzeň-město,4231,2424,3845,1248,1051,826,751,629,995,6549,2023,206013,132799,66729
2024-10-01,PL8221,Powiat jarosławski,4257,2192,,899,1985,,,619,643,60,2023,115865,76546,37654
2024-10-01,CZ0805,Opava,4272,2180,4012,1198,1336,572,531,693,1093,1139,2023,175239,110603,54636
2024-10-01,PL7216,Powiat m.Kielce,4338,1941,,722,1598,,,320,800,456,2023,182295,113157,57920
2024-10-01,PL8234,Powiat rzeszowski,4410,2119,,785,2160,,,638,651,44,2023,175777,116240,57266
2024-10-01,PL2142,Powiat krakowski,4456,2173,,907,1774,,,598,756,421,2023,302347,198221,99110
2024-10-01,HU3213,Debreceni Járás,4576,2434,,1175,,,,350,1731,,2023,215542,143854,72578
2024-10-01,PL9124,Powiat wołomiński,4593,2141,,1265,1695,,,499,762,210,2023,275871,182649,92136
2024-10-01,PL8213,Powiat jasielski,4685,2750,,762,2366,,,687,607,123,2023,108819,72203,35434
2024-10-01,CZ0426,Teplice,4700,2768,4399,2254,1544,597,668,980,990,2310,2023,127918,82231,40342
2024-10-01,PL8236,Powiat m.Rzeszów,4917,2459,,825,2456,,,413,809,241,2023,197268,128065,65621
2024-10-01,CZ0643,Brno-venkov,4956,2753,4636,949,1481,597,675,789,1231,5214,2023,233529,147568,72877
2024-10-01,CZ0203,Kladno,4976,2762,4592,2092,1956,640,743,819,1222,2829,2023,170272,109282,54381
2024-10-01,CZ0421,Děčín,5066,2783,4702,2267,1776,607,622,1063,1039,774,2023,126534,79252,38436
2024-10-01,CZ0427,Ústí nad Labem,5116,2788,4657,2638,2077,598,618,918,1155,1353,2023,118433,75384,37075
2024-10-01,PL2183,Powiat nowosądecki,5252,3401,,628,2234,,,1059,739,141,2023,215034,142404,69792
2024-10-01,SK0426,Košice - okolie,5333,3023,4320,2438,2566,472,364,797,920,237,2023,131955,86733,42532
2024-10-01,SK041D,Vranov nad Topľou,5389,3051,4096,2637,2935,408,349,877,854,290,2023,79295,52186,25539
2024-10-01,CZ0802,Frýdek-Místek,5443,2628,5073,977,1717,694,825,732,1560,2514,2023,214599,136132,66613
2024-10-01,SK0427,Michalovce,5462,2949,4064,2304,2954,319,340,841,919,781,2023,108132,72069,35632
2024-10-01,SK0413,Kežmarok,5540,2967,4720,3408,3124,352,389,839,739,206,2023,75188,48572,23678
2024-10-01,SK042B,Trebišov,5545,3037,4101,2277,3229,305,346,727,1011,417,2023,103002,68067,33495
2024-10-01,CZ0513,Liberec,5552,3125,4872,2018,1695,825,789,959,1390,3037,2023,180809,115412,57307
2024-10-01,PL6171,Powiat inowrocławski,5577,3157,,1549,2432,,,766,756,152,2023,150555,98150,48826
2024-10-01,PL5172,Powiat kłodzki,5604,2703,,1712,2533,,,608,944,162,2023,146952,93442,46395
2024-10-01,CZ0645,Hodonín,5700,2911,5272,1385,2279,620,600,856,1463,1007,2023,151614,95985,46444
2024-10-01,CZ0422,Chomutov,5926,3353,5607,3135,2713,628,760,923,1585,3113,2023,123947,80971,39733
2024-10-01,PL4241,Powiat m.Szczecin,5947,2901,,1274,1783,,,483,1143,702,2023,389066,248831,126299
2024-10-01,CZ0712,Olomouc,5989,3138,5685,1593,1548,890,980,1059,1396,3603,2023,238843,150090,74565
2024-10-01,SK0417,Prešov,5989,3188,4713,2366,2800,494,621,830,988,676,2023,174741,113311,55897
2024-10-01,CZ0425,Most,6274,3531,5828,3553,2508,595,712,1133,1519,1424,2023,107952,69565,34172
2024-10-01,PL5141,Powiat m.Wrocław,6432,3132,,1320,2149,,,342,1265,999,2023,673743,443390,226731
2024-10-01,PL6331,Powiat m.Gdańsk,6609,3581,,1708,2444,,,491,1139,797,2023,487371,317603,162455
2024-10-01,PL8413,Powiat m.Białystok,6776,3012,,1677,2784,,,502,1171,275,2023,291688,189730,97228
2024-10-01,PL8145,Powiat m.Lublin,6960,3238,,1758,2840,,,588,1142,314,2023,329565,210150,109105
2024-10-01,PL9215,Powiat radomski,7221,3468,,1951,3352,,,1030,1011,88,2023,151331,99737,48767
2024-10-01,HU3118,Miskolci Járás,7334,3854,,2830,,,,761,2195,,2023,225174,144969,72070
2024-10-01,SK0329,Rimavská Sobota,7356,3908,5175,4292,4600,354,284,1029,1289,232,2023,79655,52522,25853
2024-10-01,PL9218,Powiat m.Radom,7856,3671,,2065,3484,,,669,1357,129,2023,196005,124020,62135
2024-10-01,PL2131,Powiat m.Kraków,10421,5065,,2561,3332,,,646,2070,1976,2023,806201,534166,276985
2024-10-01,CZ0803,Karviná,13621,6474,12808,4939,6660,1215,1306,1705,4079,1293,2023,240831,153837,75049
2024-10-01,CZ0806,Ostrava-město,13634,6867,12358,5202,5007,1570,1566,2001,3587,4711,2023,317586,204198,100438
2024-10-01,CZ0642,Brno-město,14093,7770,12946,4277,5142,1694,1682,2009,3067,7182,2023,400566,256067,127318
2024-10-01,PL7111,Powiat m.Łódź,15028,7157,,5991,6352,,,916,3107,835,2023,652015,404938,208876
2024-10-01,PL9112,Powiat m. st. Warszawa,18946,9003,,5182,5723,,,1024,3717,1511,2023,1861599,1211731,635065
2024-10-01,CZ0100,Hlavní město Praha,28261,15764,25551,7541,8190,4043,4545,3451,6346,81599,2023,1384732,909437,455698
